"","Order","Suborders","Superfamily","Family","OTOL node ID","GenbankTaxonID","GenBank ""Taxonomy""  value (# species in genbank taxonomy)","GenBank ""sp."" (# sp. listed in genbank taxonomy)","GenBank ""spp.""","CoL (or other) number of Species descibed (not # estimated to be known to taxonomists)","% of species in NCBI sequenced","X12","X13","X14","X15","taxon"
"1","Hexapoda: Collembola",NA,NA,"Heterojapygidae",NA,NA,NA,NA,NA,NA,NA,NA,NA,NA,NA,"Heterojapygidae"
"2","Hexapoda: Collembola",NA,NA,"Octostigmatidae",NA,NA,NA,NA,NA,NA,NA,NA,NA,NA,NA,"Octostigmatidae"
"3","Hexapoda: Collembola",NA,NA,"Parajapygidae",NA,NA,NA,NA,NA,NA,NA,NA,NA,NA,NA,"Parajapygidae"
"4","Hexapoda: Collembola",NA,NA,"Japygidae",NA,NA,NA,NA,NA,NA,NA,NA,NA,NA,NA,"Japygidae"
"5","Hexapoda: Collembola",NA,NA,"Campodeidae",NA,NA,NA,NA,NA,NA,NA,NA,NA,NA,NA,"Campodeidae"
"6","Hexapoda: Protura",NA,NA,"Fujientomidae",NA,NA,NA,NA,NA,NA,NA,NA,NA,NA,NA,"Fujientomidae"
"7","Hexapoda: Protura",NA,NA,"Hesperentomidae",NA,NA,NA,NA,NA,NA,NA,NA,NA,NA,NA,"Hesperentomidae"
"8","Hexapoda: Protura",NA,NA,"Acerentomidae",NA,NA,NA,NA,NA,NA,NA,NA,NA,NA,NA,"Acerentomidae"
"9","Hexapoda: Protura",NA,NA,"Protentomidae",NA,NA,NA,NA,NA,NA,NA,NA,NA,NA,NA,"Protentomidae"
"10","Hexapoda: Protura",NA,NA,"Sinentomidae",NA,NA,NA,NA,NA,NA,NA,NA,NA,NA,NA,"Sinentomidae"
"11","Hexapoda: Protura",NA,NA,"Eosentomidae",NA,NA,NA,NA,NA,NA,"#DIV/0!",NA,NA,NA,NA,"Eosentomidae"
"12","Hexapoda: Archaeognatha",NA,NA,"Machilidae",NA,NA,NA,NA,NA,NA,"#DIV/0!",NA,NA,NA,NA,"Machilidae"
"13","Hexapoda: Archaeognatha",NA,NA,"Meinertellidae",NA,NA,NA,NA,NA,NA,NA,NA,NA,NA,NA,"Meinertellidae"
"14","Hexapoda: Zygentoma",NA,NA,"Lepidotrichidae",NA,NA,NA,NA,NA,NA,"#DIV/0!",NA,NA,NA,NA,"Lepidotrichidae"
"15","Hexapoda: Zygentoma",NA,NA,"Lepismatidae",NA,NA,NA,NA,NA,NA,NA,NA,NA,NA,NA,"Lepismatidae"
"16","Hexapoda: Zygentoma",NA,NA,"Maindroniidae",NA,NA,NA,NA,NA,NA,NA,NA,NA,NA,NA,"Maindroniidae"
"17","Hexapoda: Zygentoma",NA,NA,"Nicoletiidae",NA,NA,NA,NA,NA,NA,NA,NA,NA,NA,NA,"Nicoletiidae"
"18","Hexapoda: Odonata","Anisozygoptera","---","Ephiophlebiidae","461356","126192",5,2,0,4,"75",NA,NA,NA,NA,"Ephiophlebiidae"
"19","Hexapoda: Odonata","Zygoptera","---","Amphipterygidae","735548","126186",19,7,0,12,"100",NA,NA,NA,NA,"Amphipterygidae"
"20","Hexapoda: Odonata","Zygoptera","Calopterygoidea","Calopterygidae","866417","50489",174,38,0,176,"77.27272727",NA,NA,NA,NA,"Calopterygidae"
"21","Hexapoda: Odonata","Zygoptera","Calopterygoidea","Chlorocyphidae","735549","126187",58,0,0,151,"38.41059603",NA,NA,NA,NA,"Chlorocyphidae"
"22","Hexapoda: Odonata","Zygoptera","Coenagrionoidea","Coenagrionidae","346419","70895",559,110,0,1133,"39.62930274",NA,NA,NA,NA,"Coenagrionidae"
"23","Hexapoda: Odonata","Zygoptera","---","Dicteriadidae","1038345","126188",3,2,0,2,"50",NA,NA,NA,NA,"Dicteriadidae"
"24","Hexapoda: Odonata","Zygoptera","---","Diphlebiidae","564524","281222",9,3,0,9,"66.66666667",NA,NA,NA,NA,"Diphlebiidae"
"25","Hexapoda: Odonata","Zygoptera","Calopterygoidea","Euphaeidae","735550","126189",38,7,0,69,"44.92753623",NA,NA,NA,NA,"Euphaeidae"
"26","Hexapoda: Odonata","Zygoptera","---","Hemiphlebiidae","210439","126175",3,2,0,1,"100",NA,NA,NA,NA,"Hemiphlebiidae"
"27","Hexapoda: Odonata","Zygoptera","Coenagrionoidea","Isostictidae","210442","126176",20,11,0,45,"20",NA,NA,NA,NA,"Isostictidae"
"28","Hexapoda: Odonata","Zygoptera","---","Lestidae","1038335","126180",78,22,0,152,"36.84210526",NA,NA,NA,NA,"Lestidae"
"29","Hexapoda: Odonata","Zygoptera","---","Lestoideidae","735523","126181",4,3,0,5,"20",NA,NA,NA,NA,"Lestoideidae"
"30","Hexapoda: Odonata","Zygoptera","Calopterygoidea","Megapodagrionidae","854849","126182",82,13,0,310,"22.25806452",NA,NA,NA,NA,"Megapodagrionidae"
"31","Hexapoda: Odonata","Zygoptera","---","Perilestidae","1038340","126183",12,4,0,19,"42.10526316",NA,NA,NA,NA,"Perilestidae"
"32","Hexapoda: Odonata","Zygoptera","Coenagrionoidea","Platycnemididae","210441","126177",111,7,0,226,"46.01769912",NA,NA,NA,NA,"Platycnemididae"
"33","Hexapoda: Odonata","Zygoptera","---","Platystictidae","294464","101720",69,8,0,217,"28.11059908",NA,NA,NA,NA,"Platystictidae"
"34","Hexapoda: Odonata","Zygoptera","Calopterygoidea","Polythoridae","108178","126190",21,1,0,59,"33.89830508",NA,NA,NA,NA,"Polythoridae"
"35","Hexapoda: Odonata","Zygoptera","---","Protoneuridae","854849","101721",62,1,0,260,"23.46153846",NA,NA,NA,NA,"Protoneuridae"
"36","Hexapoda: Odonata","Zygoptera","---","Pseudolestidae","126184","735544",0,0,0,1,"0",NA,NA,NA,NA,"Pseudolestidae"
"37","Hexapoda: Odonata","Zygoptera","Coenagrionoidea","Pseudostigmatidae","210447","126178",20,0,0,19,"105.2631579",NA,NA,NA,NA,"Pseudostigmatidae"
"38","Hexapoda: Odonata","Zygoptera","---","Synlestidae","735547","126185",25,10,0,35,"42.85714286",NA,NA,NA,NA,"Synlestidae"
"39","Hexapoda: Odonata","Anisoptera","Aeshnoidea","Aeshnidae","639694","50509",161,26,0,453,"29.8013245",NA,NA,NA,NA,"Aeshnidae"
"40","Hexapoda: Odonata","Anisoptera","Aeshnoidea","Austropetaliidae","290914","126215",13,0,0,11,"118.1818182",NA,NA,NA,NA,"Austropetaliidae"
"41","Hexapoda: Odonata","Anisoptera","Cavilabiata","Chlorogomphidae","865582","126221",16,3,0,48,"27.08333333",NA,NA,NA,NA,"Chlorogomphidae"
"42","Hexapoda: Odonata","Anisoptera","Cavilabiata","Cordulegastridae","754475","107811",54,15,0,44,"88.63636364",NA,NA,NA,NA,"Cordulegastridae"
"43","Hexapoda: Odonata","Anisoptera","Cavilabiata","Corduliidae","691818","70381",144,33,0,253,"43.87351779",NA,NA,NA,NA,"Corduliidae"
"44","Hexapoda: Odonata","Anisoptera","---","Gomphidae","231505","107808",387,113,0,964,"28.42323651",NA,NA,NA,NA,"Gomphidae"
"45","Hexapoda: Odonata","Anisoptera","Cavilabiata","Libellulidae","569002","6964",549,85,0,1031,"45.00484966",NA,NA,NA,NA,"Libellulidae"
"46","Hexapoda: Odonata","Anisoptera","Cavilabiata","Macromiidae","754473","107812",29,2,0,124,"21.77419355",NA,NA,NA,NA,"Macromiidae"
"47","Hexapoda: Odonata","Anisoptera","---","Petaluridae","754477","107810",18,8,0,10,"100",NA,NA,NA,NA,"Petaluridae"
"48","Hexapoda: Odonata","Anisoptera","Cavilabiata","Synthemistidae","602850","448009",14,0,0,43,"32.55813953",NA,NA,NA,NA,"Synthemistidae"
"66",NA,"Acanthametropodidae",NA,"Boopidae","875122","ncbi:145264",NA,NA,NA,NA,"#DIV/0!",NA,NA,NA,NA,"Boopidae"
"67",NA,"Ametropodidae",NA,"Gyropidae","176104","ncbi:186201",NA,NA,NA,NA,"#DIV/0!",NA,NA,NA,NA,"Gyropidae"
"68",NA,"Leptohyphidae",NA,"Laemobothriidae","1051181","ncbi:179155",NA,NA,NA,NA,"#DIV/0!",NA,NA,NA,NA,"Laemobothriidae"
"69",NA,"Neoephemeridae",NA,"Menoponidae","168362","ncbi:50630",NA,NA,NA,NA,"#DIV/0!",NA,NA,NA,NA,"Menoponidae"
"70",NA,"Arthropleidae",NA,"Ricinidae","1081689","ncbi:160060",NA,NA,NA,NA,"#DIV/0!",NA,NA,NA,NA,"Ricinidae"
"71",NA,"Pseudironidae",NA,"Trimenoponidae","252249","ncbi:762540",NA,NA,NA,NA,"#DIV/0!",NA,NA,NA,NA,"Trimenoponidae"
"72",NA,"Oligoneuriidae",NA,"Echinophthiriidae","228077","ncbi:138814",NA,NA,NA,NA,"#DIV/0!",NA,NA,NA,NA,"Echinophthiriidae"
"73",NA,"Isonychiidae",NA,"Haematopinidae","1051173","ncbi:179152",NA,NA,NA,NA,"#DIV/0!",NA,NA,NA,NA,"Haematopinidae"
"74",NA,"Metretopodidae",NA,"Hoplopleuridae","1010456","ncbi:160140",NA,NA,NA,NA,"#DIV/0!",NA,NA,NA,NA,"Hoplopleuridae"
"75",NA,"Siphlonuridae",NA,"Linognathidae","750475","ncbi:186218",NA,NA,NA,NA,"#DIV/0!",NA,NA,NA,NA,"Linognathidae"
"76",NA,"Caenidae",NA,"Microthoraciidae",NA,NA,NA,NA,NA,NA,"#DIV/0!",NA,NA,NA,NA,"Microthoraciidae"
"77",NA,"Potamanthidae",NA,"Pedicinidae","125168","ncbi:186223",NA,NA,NA,NA,"#DIV/0!",NA,NA,NA,NA,"Pedicinidae"
"78",NA,"Ameletidae",NA,"Pediculidae","1034019","ncbi:121221",NA,NA,NA,NA,"#DIV/0!",NA,NA,NA,NA,"Pediculidae"
"79",NA,"Baetiscidae",NA,"Polyplacidae","1010451","ncbi:160145",NA,NA,NA,NA,"#DIV/0!",NA,NA,NA,NA,"Polyplacidae"
"80",NA,"Heptageniidae",NA,"Pthiridae","1033996","ncbi:121229",NA,NA,NA,NA,"#DIV/0!",NA,NA,NA,NA,"Pthiridae"
"81",NA,"Baetidae",NA,"Bovicoliidae","6320452","ncbi:1871078",NA,NA,NA,NA,"#DIV/0!",NA,NA,NA,NA,"Bovicoliidae"
"82",NA,"Leptophlebiidae",NA,"Heptapsogasteridae","228080","ncbi:138817",NA,NA,NA,NA,"#DIV/0!",NA,NA,NA,NA,"Heptapsogasteridae"
"83",NA,"Ephemerellidae",NA,"Philopteridae","1082614","ncbi:66236",NA,NA,NA,NA,"#DIV/0!",NA,NA,NA,NA,"Philopteridae"
"84",NA,"Ephemeridae",NA,"Trichodectidae","684939","ncbi:35635",NA,NA,NA,NA,"#DIV/0!",NA,NA,NA,NA,"Trichodectidae"
"85","Hexapoda: Psocodea","Rhyncophthirina",NA,"Haematomyzidae",NA,NA,NA,NA,NA,NA,"#DIV/0!",NA,NA,NA,NA,"Haematomyzidae"
"86","Hexapoda: Psocodea","Psocomorpha",NA,"Archipsocidae",NA,NA,NA,NA,NA,NA,"#DIV/0!",NA,NA,NA,NA,"Archipsocidae"
"87","Hexapoda: Psocodea","Psocomorpha",NA,"Asiopsocidae",NA,NA,NA,NA,NA,NA,"#DIV/0!",NA,NA,NA,NA,"Asiopsocidae"
"88","Hexapoda: Psocodea","Psocomorpha",NA,"Amphipsocidae",NA,NA,NA,NA,NA,NA,"#DIV/0!",NA,NA,NA,NA,"Amphipsocidae"
"89","Hexapoda: Psocodea","Psocomorpha",NA,"Caeciliusidae",NA,NA,NA,NA,NA,NA,"#DIV/0!",NA,NA,NA,NA,"Caeciliusidae"
"90","Hexapoda: Psocodea","Psocomorpha",NA,"Dasydemellidae",NA,NA,NA,NA,NA,NA,"#DIV/0!",NA,NA,NA,NA,"Dasydemellidae"
"91","Hexapoda: Psocodea","Psocomorpha",NA,"Stenopsocidae",NA,NA,NA,NA,NA,NA,"#DIV/0!",NA,NA,NA,NA,"Stenopsocidae"
"92","Hexapoda: Psocodea","Psocomorpha",NA,"Cladiopsocidae",NA,NA,NA,NA,NA,NA,"#DIV/0!",NA,NA,NA,NA,"Cladiopsocidae"
"93","Hexapoda: Psocodea","Psocomorpha",NA,"Dolabellopsocidae",NA,NA,NA,NA,NA,NA,"#DIV/0!",NA,NA,NA,NA,"Dolabellopsocidae"
"94","Hexapoda: Psocodea","Psocomorpha",NA,"Epipsocidae",NA,NA,NA,NA,NA,NA,"#DIV/0!",NA,NA,NA,NA,"Epipsocidae"
"95","Hexapoda: Psocodea","Psocomorpha",NA,"Neurostigmatidae",NA,NA,NA,NA,NA,NA,"#DIV/0!",NA,NA,NA,NA,"Neurostigmatidae"
"96","Hexapoda: Psocodea","Psocomorpha",NA,"Ptiloneuridae",NA,NA,NA,NA,NA,NA,"#DIV/0!",NA,NA,NA,NA,"Ptiloneuridae"
"97","Hexapoda: Psocodea","Psocomorpha",NA,"Spurostigmatidae",NA,NA,NA,NA,NA,NA,"#DIV/0!",NA,NA,NA,NA,"Spurostigmatidae"
"98","Hexapoda: Psocodea","Psocomorpha",NA,"Elipsocidae",NA,NA,NA,NA,NA,NA,"#DIV/0!",NA,NA,NA,NA,"Elipsocidae"
"99","Hexapoda: Psocodea","Psocomorpha",NA,"Ectopsocidae",NA,NA,NA,NA,NA,NA,"#DIV/0!",NA,NA,NA,NA,"Ectopsocidae"
"100","Hexapoda: Psocodea","Psocomorpha",NA,"Lachesillidae",NA,NA,NA,NA,NA,NA,"#DIV/0!",NA,NA,NA,NA,"Lachesillidae"
"101","Hexapoda: Psocodea","Psocomorpha",NA,"Bryopsocidae",NA,NA,NA,NA,NA,NA,"#DIV/0!",NA,NA,NA,NA,"Bryopsocidae"
"102","Hexapoda: Psocodea","Psocomorpha",NA,"Mesopsocidae",NA,NA,NA,NA,NA,NA,"#DIV/0!",NA,NA,NA,NA,"Mesopsocidae"
"103","Hexapoda: Psocodea","Psocomorpha",NA,"Peripsocidae",NA,NA,NA,NA,NA,NA,"#DIV/0!",NA,NA,NA,NA,"Peripsocidae"
"104","Hexapoda: Psocodea","Psocomorpha",NA,"Philotarsidae",NA,NA,NA,NA,NA,NA,"#DIV/0!",NA,NA,NA,NA,"Philotarsidae"
"105","Hexapoda: Psocodea","Psocomorpha",NA,"Calopsocidae",NA,NA,NA,NA,NA,NA,"#DIV/0!",NA,NA,NA,NA,"Calopsocidae"
"106","Hexapoda: Psocodea","Psocomorpha",NA,"Pseudocaeciliidae",NA,NA,NA,NA,NA,NA,"#DIV/0!",NA,NA,NA,NA,"Pseudocaeciliidae"
"107","Hexapoda: Psocodea","Psocomorpha",NA,"Trichopsocidae",NA,NA,NA,NA,NA,NA,"#DIV/0!",NA,NA,NA,NA,"Trichopsocidae"
"108","Hexapoda: Psocodea","Psocomorpha",NA,"Hemipsocidae",NA,NA,NA,NA,NA,NA,"#DIV/0!",NA,NA,NA,NA,"Hemipsocidae"
"109","Hexapoda: Psocodea","Psocomorpha",NA,"Myopsocidae",NA,NA,NA,NA,NA,NA,"#DIV/0!",NA,NA,NA,NA,"Myopsocidae"
"110","Hexapoda: Psocodea","Psocomorpha",NA,"Psilopsocidae",NA,NA,NA,NA,NA,NA,"#DIV/0!",NA,NA,NA,NA,"Psilopsocidae"
"111","Hexapoda: Psocodea","Psocomorpha",NA,"Psocidae",NA,NA,NA,NA,NA,NA,"#DIV/0!",NA,NA,NA,NA,"Psocidae"
"112","Hexapoda: Thysanoptera","Terebrantia",NA,"Aeolothripidae",NA,NA,NA,NA,NA,NA,"#DIV/0!",NA,NA,NA,NA,"Aeolothripidae"
"113","Hexapoda: Thysanoptera","Terebrantia",NA,"Fauriellidae",NA,NA,NA,NA,NA,NA,"#DIV/0!",NA,NA,NA,NA,"Fauriellidae"
"114","Hexapoda: Thysanoptera","Terebrantia",NA,"Heterothripidae",NA,NA,NA,NA,NA,NA,"#DIV/0!",NA,NA,NA,NA,"Heterothripidae"
"115","Hexapoda: Thysanoptera","Terebrantia",NA,"Melanthripidae",NA,NA,NA,NA,NA,NA,"#DIV/0!",NA,NA,NA,NA,"Melanthripidae"
"116","Hexapoda: Thysanoptera","Terebrantia",NA,"Merothripidae",NA,NA,NA,NA,NA,NA,"#DIV/0!",NA,NA,NA,NA,"Merothripidae"
"117","Hexapoda: Thysanoptera","Terebrantia",NA,"Stenurothripidae",NA,NA,NA,NA,NA,NA,"#DIV/0!",NA,NA,NA,NA,"Stenurothripidae"
"118","Hexapoda: Thysanoptera","Terebrantia",NA,"Thripidae",NA,NA,NA,NA,NA,NA,"#DIV/0!",NA,NA,NA,NA,"Thripidae"
"119","Hexapoda: Thysanoptera","Terebrantia",NA,"Uzelothripidae",NA,NA,NA,NA,NA,NA,"#DIV/0!",NA,NA,NA,NA,"Uzelothripidae"
"120","Hexapoda: Thysanoptera","Tubulifera",NA,"Phlaeothripidae",NA,NA,NA,NA,NA,NA,"#DIV/0!",NA,NA,NA,NA,"Phlaeothripidae"
"121","Hexapoda: Hemiptera","Sternorrhyncha",NA,"Aclerdidae",NA,NA,NA,NA,NA,NA,"#DIV/0!",NA,NA,NA,NA,"Aclerdidae"
"122","Hexapoda: Hemiptera","Sternorrhyncha",NA,"Adelgidae",NA,NA,NA,NA,NA,NA,"#DIV/0!",NA,NA,NA,NA,"Adelgidae"
"123","Hexapoda: Hemiptera","Sternorrhyncha",NA,"Aleyrodidae",NA,NA,NA,NA,NA,NA,"#DIV/0!",NA,NA,NA,NA,"Aleyrodidae"
"124","Hexapoda: Hemiptera","Sternorrhyncha",NA,"Anoeciidae",NA,NA,NA,NA,NA,NA,"#DIV/0!",NA,NA,NA,NA,"Anoeciidae"
"125","Hexapoda: Hemiptera","Sternorrhyncha",NA,"Aphalaridae",NA,NA,NA,NA,NA,NA,"#DIV/0!",NA,NA,NA,NA,"Aphalaridae"
"126","Hexapoda: Hemiptera","Sternorrhyncha",NA,"Aphididae",NA,NA,NA,NA,NA,NA,"#DIV/0!",NA,NA,NA,NA,"Aphididae"
"127","Hexapoda: Hemiptera","Sternorrhyncha",NA,"Asterolecaniidae",NA,NA,NA,NA,NA,NA,"#DIV/0!",NA,NA,NA,NA,"Asterolecaniidae"
"128","Hexapoda: Hemiptera","Sternorrhyncha",NA,"Beesoniidae",NA,NA,NA,NA,NA,NA,"#DIV/0!",NA,NA,NA,NA,"Beesoniidae"
"129","Hexapoda: Hemiptera","Sternorrhyncha",NA,"Calophyidae",NA,NA,NA,NA,NA,NA,"#DIV/0!",NA,NA,NA,NA,"Calophyidae"
"130","Hexapoda: Hemiptera","Sternorrhyncha",NA,"Carsidaridae",NA,NA,NA,NA,NA,NA,"#DIV/0!",NA,NA,NA,NA,"Carsidaridae"
"131","Hexapoda: Hemiptera","Sternorrhyncha",NA,"Cerococcidae",NA,NA,NA,NA,NA,NA,"#DIV/0!",NA,NA,NA,NA,"Cerococcidae"
"132","Hexapoda: Hemiptera","Sternorrhyncha",NA,"Coccidae",NA,NA,NA,NA,NA,NA,"#DIV/0!",NA,NA,NA,NA,"Coccidae"
"133","Hexapoda: Hemiptera","Sternorrhyncha",NA,"Coelostomidiidae",NA,NA,NA,NA,NA,NA,"#DIV/0!",NA,NA,NA,NA,"Coelostomidiidae"
"134","Hexapoda: Hemiptera","Sternorrhyncha",NA,"Conchaspididae",NA,NA,NA,NA,NA,NA,"#DIV/0!",NA,NA,NA,NA,"Conchaspididae"
"135","Hexapoda: Hemiptera","Sternorrhyncha",NA,"Dactylopiidae",NA,NA,NA,NA,NA,NA,"#DIV/0!",NA,NA,NA,NA,"Dactylopiidae"
"136","Hexapoda: Hemiptera","Sternorrhyncha",NA,"Diaspididae",NA,NA,NA,NA,NA,NA,"#DIV/0!",NA,NA,NA,NA,"Diaspididae"
"137","Hexapoda: Hemiptera","Sternorrhyncha",NA,"Eriococcidae",NA,NA,NA,NA,NA,NA,"#DIV/0!",NA,NA,NA,NA,"Eriococcidae"
"138","Hexapoda: Hemiptera","Sternorrhyncha",NA,"Greenideidae",NA,NA,NA,NA,NA,NA,"#DIV/0!",NA,NA,NA,NA,"Greenideidae"
"139","Hexapoda: Hemiptera","Sternorrhyncha",NA,"Halimococcidae",NA,NA,NA,NA,NA,NA,"#DIV/0!",NA,NA,NA,NA,"Halimococcidae"
"140","Hexapoda: Hemiptera","Sternorrhyncha",NA,"Homotomidae",NA,NA,NA,NA,NA,NA,"#DIV/0!",NA,NA,NA,NA,"Homotomidae"
"141","Hexapoda: Hemiptera","Sternorrhyncha",NA,"Hormaphididae",NA,NA,NA,NA,NA,NA,"#DIV/0!",NA,NA,NA,NA,"Hormaphididae"
"142","Hexapoda: Hemiptera","Sternorrhyncha",NA,"Kermesidae",NA,NA,NA,NA,NA,NA,"#DIV/0!",NA,NA,NA,NA,"Kermesidae"
"143","Hexapoda: Hemiptera","Sternorrhyncha",NA,"Kerriidae",NA,NA,NA,NA,NA,NA,"#DIV/0!",NA,NA,NA,NA,"Kerriidae"
"144","Hexapoda: Hemiptera","Sternorrhyncha",NA,"Kuwaniidae",NA,NA,NA,NA,NA,NA,"#DIV/0!",NA,NA,NA,NA,"Kuwaniidae"
"145","Hexapoda: Hemiptera","Sternorrhyncha",NA,"Lachnidae",NA,NA,NA,NA,NA,NA,"#DIV/0!",NA,NA,NA,NA,"Lachnidae"
"146","Hexapoda: Hemiptera","Sternorrhyncha",NA,"Lecanodiaspididae",NA,NA,NA,NA,NA,NA,"#DIV/0!",NA,NA,NA,NA,"Lecanodiaspididae"
"147","Hexapoda: Hemiptera","Sternorrhyncha",NA,"Liviidae",NA,NA,NA,NA,NA,NA,"#DIV/0!",NA,NA,NA,NA,"Liviidae"
"148","Hexapoda: Hemiptera","Sternorrhyncha",NA,"Margarodidae",NA,NA,NA,NA,NA,NA,"#DIV/0!",NA,NA,NA,NA,"Margarodidae"
"149","Hexapoda: Hemiptera","Sternorrhyncha",NA,"Mindaridae",NA,NA,NA,NA,NA,NA,"#DIV/0!",NA,NA,NA,NA,"Mindaridae"
"150","Hexapoda: Hemiptera","Sternorrhyncha",NA,"Monophlebidae",NA,NA,NA,NA,NA,NA,"#DIV/0!",NA,NA,NA,NA,"Monophlebidae"
"151","Hexapoda: Hemiptera","Sternorrhyncha",NA,"Ortheziidae",NA,NA,NA,NA,NA,NA,"#DIV/0!",NA,NA,NA,NA,"Ortheziidae"
"152","Hexapoda: Hemiptera","Sternorrhyncha",NA,"Pemphigidae",NA,NA,NA,NA,NA,NA,"#DIV/0!",NA,NA,NA,NA,"Pemphigidae"
"153","Hexapoda: Hemiptera","Sternorrhyncha",NA,"Phacopteronidae",NA,NA,NA,NA,NA,NA,"#DIV/0!",NA,NA,NA,NA,"Phacopteronidae"
"154","Hexapoda: Hemiptera","Sternorrhyncha",NA,"Phloeomyzidae",NA,NA,NA,NA,NA,NA,"#DIV/0!",NA,NA,NA,NA,"Phloeomyzidae"
"155","Hexapoda: Hemiptera","Sternorrhyncha",NA,"Phoenicococcidae",NA,NA,NA,NA,NA,NA,"#DIV/0!",NA,NA,NA,NA,"Phoenicococcidae"
"156","Hexapoda: Hemiptera","Sternorrhyncha",NA,"Phylloxeridae",NA,NA,NA,NA,NA,NA,"#DIV/0!",NA,NA,NA,NA,"Phylloxeridae"
"157","Hexapoda: Hemiptera","Sternorrhyncha",NA,"Pseudococcidae",NA,NA,NA,NA,NA,NA,"#DIV/0!",NA,NA,NA,NA,"Pseudococcidae"
"158","Hexapoda: Hemiptera","Sternorrhyncha",NA,"Psyllidae",NA,NA,NA,NA,NA,NA,"#DIV/0!",NA,NA,NA,NA,"Psyllidae"
"159","Hexapoda: Hemiptera","Sternorrhyncha",NA,"Stictococcidae",NA,NA,NA,NA,NA,NA,"#DIV/0!",NA,NA,NA,NA,"Stictococcidae"
"160","Hexapoda: Hemiptera","Sternorrhyncha",NA,"Thelaxidae",NA,NA,NA,NA,NA,NA,"#DIV/0!",NA,NA,NA,NA,"Thelaxidae"
"161","Hexapoda: Hemiptera","Sternorrhyncha",NA,"Triozidae",NA,NA,NA,NA,NA,NA,"#DIV/0!",NA,NA,NA,NA,"Triozidae"
"162","Hexapoda: Hemiptera","Coleorrhyncha",NA,"Peloridiidae",NA,NA,NA,NA,NA,NA,"#DIV/0!",NA,NA,NA,NA,"Peloridiidae"
"163","Hexapoda: Hemiptera","Auchenorrhyncha",NA,"Aphrophoridae",NA,NA,NA,NA,NA,NA,"#DIV/0!",NA,NA,NA,NA,"Aphrophoridae"
"164","Hexapoda: Hemiptera","Auchenorrhyncha",NA,"Cercopidae",NA,NA,NA,NA,NA,NA,"#DIV/0!",NA,NA,NA,NA,"Cercopidae"
"165","Hexapoda: Hemiptera","Auchenorrhyncha",NA,"Clastopteridae",NA,NA,NA,NA,NA,NA,"#DIV/0!",NA,NA,NA,NA,"Clastopteridae"
"166","Hexapoda: Hemiptera","Auchenorrhyncha",NA,"Epipygidae",NA,NA,NA,NA,NA,NA,"#DIV/0!",NA,NA,NA,NA,"Epipygidae"
"167","Hexapoda: Hemiptera","Auchenorrhyncha",NA,"Machaerotidae",NA,NA,NA,NA,NA,NA,"#DIV/0!",NA,NA,NA,NA,"Machaerotidae"
"168","Hexapoda: Hemiptera","Auchenorrhyncha",NA,"Cicadidae",NA,NA,NA,NA,NA,NA,"#DIV/0!",NA,NA,NA,NA,"Cicadidae"
"169","Hexapoda: Hemiptera","Auchenorrhyncha",NA,"Tettigarctidae",NA,NA,NA,NA,NA,NA,"#DIV/0!",NA,NA,NA,NA,"Tettigarctidae"
"170","Hexapoda: Hemiptera","Auchenorrhyncha",NA,"Aetalionidae",NA,NA,NA,NA,NA,NA,"#DIV/0!",NA,NA,NA,NA,"Aetalionidae"
"171","Hexapoda: Hemiptera","Auchenorrhyncha",NA,"Cicadellidae",NA,NA,NA,NA,NA,NA,"#DIV/0!",NA,NA,NA,NA,"Cicadellidae"
"172","Hexapoda: Hemiptera","Auchenorrhyncha",NA,"Melizoderidae",NA,NA,NA,NA,NA,NA,"#DIV/0!",NA,NA,NA,NA,"Melizoderidae"
"173","Hexapoda: Hemiptera","Auchenorrhyncha",NA,"Membracidae",NA,NA,NA,NA,NA,NA,"#DIV/0!",NA,NA,NA,NA,"Membracidae"
"174","Hexapoda: Hemiptera","Auchenorrhyncha",NA,"Myerslopiidae",NA,NA,NA,NA,NA,NA,"#DIV/0!",NA,NA,NA,NA,"Myerslopiidae"
"175","Hexapoda: Hemiptera","Auchenorrhyncha",NA,"Acanaloniidae",NA,NA,NA,NA,NA,NA,"#DIV/0!",NA,NA,NA,NA,"Acanaloniidae"
"176","Hexapoda: Hemiptera","Auchenorrhyncha",NA,"Achilidae",NA,NA,NA,NA,NA,NA,"#DIV/0!",NA,NA,NA,NA,"Achilidae"
"177","Hexapoda: Hemiptera","Auchenorrhyncha",NA,"Achilixiidae",NA,NA,NA,NA,NA,NA,"#DIV/0!",NA,NA,NA,NA,"Achilixiidae"
"178","Hexapoda: Hemiptera","Auchenorrhyncha",NA,"Caliscelidae",NA,NA,NA,NA,NA,NA,"#DIV/0!",NA,NA,NA,NA,"Caliscelidae"
"179","Hexapoda: Hemiptera","Auchenorrhyncha",NA,"Cixiidae",NA,NA,NA,NA,NA,NA,"#DIV/0!",NA,NA,NA,NA,"Cixiidae"
"180","Hexapoda: Hemiptera","Auchenorrhyncha",NA,"Delphacidae",NA,NA,NA,NA,NA,NA,"#DIV/0!",NA,NA,NA,NA,"Delphacidae"
"181","Hexapoda: Hemiptera","Auchenorrhyncha",NA,"Derbidae",NA,NA,NA,NA,NA,NA,"#DIV/0!",NA,NA,NA,NA,"Derbidae"
"182","Hexapoda: Hemiptera","Auchenorrhyncha",NA,"Dictyopharidae",NA,NA,NA,NA,NA,NA,"#DIV/0!",NA,NA,NA,NA,"Dictyopharidae"
"183","Hexapoda: Hemiptera","Auchenorrhyncha",NA,"Eurybrachyidae",NA,NA,NA,NA,NA,NA,"#DIV/0!",NA,NA,NA,NA,"Eurybrachyidae"
"184","Hexapoda: Hemiptera","Auchenorrhyncha",NA,"Flatidae",NA,NA,NA,NA,NA,NA,"#DIV/0!",NA,NA,NA,NA,"Flatidae"
"185","Hexapoda: Hemiptera","Auchenorrhyncha",NA,"Fulgoridae",NA,NA,NA,NA,NA,NA,"#DIV/0!",NA,NA,NA,NA,"Fulgoridae"
"186","Hexapoda: Hemiptera","Auchenorrhyncha",NA,"Issidae",NA,NA,NA,NA,NA,NA,"#DIV/0!",NA,NA,NA,NA,"Issidae"
"187","Hexapoda: Hemiptera","Auchenorrhyncha",NA,"Kinnaridae",NA,NA,NA,NA,NA,NA,"#DIV/0!",NA,NA,NA,NA,"Kinnaridae"
"188","Hexapoda: Hemiptera","Auchenorrhyncha",NA,"Lophopidae",NA,NA,NA,NA,NA,NA,"#DIV/0!",NA,NA,NA,NA,"Lophopidae"
"189","Hexapoda: Hemiptera","Auchenorrhyncha",NA,"Meenoplidae",NA,NA,NA,NA,NA,NA,"#DIV/0!",NA,NA,NA,NA,"Meenoplidae"
"190","Hexapoda: Hemiptera","Auchenorrhyncha",NA,"Nogodinidae",NA,NA,NA,NA,NA,NA,"#DIV/0!",NA,NA,NA,NA,"Nogodinidae"
"191","Hexapoda: Hemiptera","Auchenorrhyncha",NA,"Ricaniidae",NA,NA,NA,NA,NA,NA,"#DIV/0!",NA,NA,NA,NA,"Ricaniidae"
"192","Hexapoda: Hemiptera","Auchenorrhyncha",NA,"Tettigometridae",NA,NA,NA,NA,NA,NA,"#DIV/0!",NA,NA,NA,NA,"Tettigometridae"
"193","Hexapoda: Hemiptera","Auchenorrhyncha",NA,"Tropiduchidae",NA,NA,NA,NA,NA,NA,"#DIV/0!",NA,NA,NA,NA,"Tropiduchidae"
"194","Hexapoda: Hemiptera","Heteroptera",NA,"Acanthosomatidae",NA,NA,NA,NA,NA,NA,"#DIV/0!",NA,NA,NA,NA,"Acanthosomatidae"
"195","Hexapoda: Hemiptera","Heteroptera",NA,"Aenictopecheidae",NA,NA,NA,NA,NA,NA,"#DIV/0!",NA,NA,NA,NA,"Aenictopecheidae"
"196","Hexapoda: Hemiptera","Heteroptera",NA,"Aepophilidae",NA,NA,NA,NA,NA,NA,"#DIV/0!",NA,NA,NA,NA,"Aepophilidae"
"197","Hexapoda: Hemiptera","Heteroptera",NA,"Alydidae",NA,NA,NA,NA,NA,NA,"#DIV/0!",NA,NA,NA,NA,"Alydidae"
"198","Hexapoda: Hemiptera","Heteroptera",NA,"Anthocoridae",NA,NA,NA,NA,NA,NA,"#DIV/0!",NA,NA,NA,NA,"Anthocoridae"
"199","Hexapoda: Hemiptera","Heteroptera",NA,"Aphelocheiridae",NA,NA,NA,NA,NA,NA,"#DIV/0!",NA,NA,NA,NA,"Aphelocheiridae"
"200","Hexapoda: Hemiptera","Heteroptera",NA,"Aradidae",NA,NA,NA,NA,NA,NA,"#DIV/0!",NA,NA,NA,NA,"Aradidae"
"201","Hexapoda: Hemiptera","Heteroptera",NA,"Artheneidae",NA,NA,NA,NA,NA,NA,"#DIV/0!",NA,NA,NA,NA,"Artheneidae"
"202","Hexapoda: Hemiptera","Heteroptera",NA,"Belostomatidae",NA,NA,NA,NA,NA,NA,"#DIV/0!",NA,NA,NA,NA,"Belostomatidae"
"203","Hexapoda: Hemiptera","Heteroptera",NA,"Berytidae",NA,NA,NA,NA,NA,NA,"#DIV/0!",NA,NA,NA,NA,"Berytidae"
"204","Hexapoda: Hemiptera","Heteroptera",NA,"Blissidae",NA,NA,NA,NA,NA,NA,"#DIV/0!",NA,NA,NA,NA,"Blissidae"
"205","Hexapoda: Hemiptera","Heteroptera",NA,"Canopidae",NA,NA,NA,NA,NA,NA,"#DIV/0!",NA,NA,NA,NA,"Canopidae"
"206","Hexapoda: Hemiptera","Heteroptera",NA,"Ceratocombidae",NA,NA,NA,NA,NA,NA,"#DIV/0!",NA,NA,NA,NA,"Ceratocombidae"
"207","Hexapoda: Hemiptera","Heteroptera",NA,"Cimicidae",NA,NA,NA,NA,NA,NA,"#DIV/0!",NA,NA,NA,NA,"Cimicidae"
"208","Hexapoda: Hemiptera","Heteroptera",NA,"Colobathristidae",NA,NA,NA,NA,NA,NA,"#DIV/0!",NA,NA,NA,NA,"Colobathristidae"
"209","Hexapoda: Hemiptera","Heteroptera",NA,"Coreidae",NA,NA,NA,NA,NA,NA,"#DIV/0!",NA,NA,NA,NA,"Coreidae"
"210","Hexapoda: Hemiptera","Heteroptera",NA,"Corixidae",NA,NA,NA,NA,NA,NA,"#DIV/0!",NA,NA,NA,NA,"Corixidae"
"211","Hexapoda: Hemiptera","Heteroptera",NA,"Curaliidae",NA,NA,NA,NA,NA,NA,"#DIV/0!",NA,NA,NA,NA,"Curaliidae"
"212","Hexapoda: Hemiptera","Heteroptera",NA,"Cydnidae",NA,NA,NA,NA,NA,NA,"#DIV/0!",NA,NA,NA,NA,"Cydnidae"
"213","Hexapoda: Hemiptera","Heteroptera",NA,"Cymidae",NA,NA,NA,NA,NA,NA,"#DIV/0!",NA,NA,NA,NA,"Cymidae"
"214","Hexapoda: Hemiptera","Heteroptera",NA,"Dinidoridae",NA,NA,NA,NA,NA,NA,"#DIV/0!",NA,NA,NA,NA,"Dinidoridae"
"215","Hexapoda: Hemiptera","Heteroptera",NA,"Dipsocoridae",NA,NA,NA,NA,NA,NA,"#DIV/0!",NA,NA,NA,NA,"Dipsocoridae"
"216","Hexapoda: Hemiptera","Heteroptera",NA,"Enicocephalidae",NA,NA,NA,NA,NA,NA,"#DIV/0!",NA,NA,NA,NA,"Enicocephalidae"
"217","Hexapoda: Hemiptera","Heteroptera",NA,"Gelastocoridae",NA,NA,NA,NA,NA,NA,"#DIV/0!",NA,NA,NA,NA,"Gelastocoridae"
"218","Hexapoda: Hemiptera","Heteroptera",NA,"Gerridae",NA,NA,NA,NA,NA,NA,"#DIV/0!",NA,NA,NA,NA,"Gerridae"
"219","Hexapoda: Hemiptera","Heteroptera",NA,"Hebridae",NA,NA,NA,NA,NA,NA,"#DIV/0!",NA,NA,NA,NA,"Hebridae"
"220","Hexapoda: Hemiptera","Heteroptera",NA,"Helotrephidae",NA,NA,NA,NA,NA,NA,"#DIV/0!",NA,NA,NA,NA,"Helotrephidae"
"221","Hexapoda: Hemiptera","Heteroptera",NA,"Hermatobatidae",NA,NA,NA,NA,NA,NA,"#DIV/0!",NA,NA,NA,NA,"Hermatobatidae"
"222","Hexapoda: Hemiptera","Heteroptera",NA,"Heterogastridae",NA,NA,NA,NA,NA,NA,"#DIV/0!",NA,NA,NA,NA,"Heterogastridae"
"223","Hexapoda: Hemiptera","Heteroptera",NA,"Hydrometridae",NA,NA,NA,NA,NA,NA,"#DIV/0!",NA,NA,NA,NA,"Hydrometridae"
"224","Hexapoda: Hemiptera","Heteroptera",NA,"Hyocephalidae",NA,NA,NA,NA,NA,NA,"#DIV/0!",NA,NA,NA,NA,"Hyocephalidae"
"225","Hexapoda: Hemiptera","Heteroptera",NA,"Hypsipterygidae",NA,NA,NA,NA,NA,NA,"#DIV/0!",NA,NA,NA,NA,"Hypsipterygidae"
"226","Hexapoda: Hemiptera","Heteroptera",NA,"Idiostolidae",NA,NA,NA,NA,NA,NA,"#DIV/0!",NA,NA,NA,NA,"Idiostolidae"
"227","Hexapoda: Hemiptera","Heteroptera",NA,"Joppeicidae",NA,NA,NA,NA,NA,NA,"#DIV/0!",NA,NA,NA,NA,"Joppeicidae"
"228","Hexapoda: Hemiptera","Heteroptera",NA,"Largidae",NA,NA,NA,NA,NA,NA,"#DIV/0!",NA,NA,NA,NA,"Largidae"
"229","Hexapoda: Hemiptera","Heteroptera",NA,"Leptopodidae",NA,NA,NA,NA,NA,NA,"#DIV/0!",NA,NA,NA,NA,"Leptopodidae"
"230","Hexapoda: Hemiptera","Heteroptera",NA,"Lestoniidae",NA,NA,NA,NA,NA,NA,"#DIV/0!",NA,NA,NA,NA,"Lestoniidae"
"231","Hexapoda: Hemiptera","Heteroptera",NA,"Lyctocoridae",NA,NA,NA,NA,NA,NA,"#DIV/0!",NA,NA,NA,NA,"Lyctocoridae"
"232","Hexapoda: Hemiptera","Heteroptera",NA,"Lygaeidae",NA,NA,NA,NA,NA,NA,"#DIV/0!",NA,NA,NA,NA,"Lygaeidae"
"233","Hexapoda: Hemiptera","Heteroptera",NA,"Macroveliidae",NA,NA,NA,NA,NA,NA,"#DIV/0!",NA,NA,NA,NA,"Macroveliidae"
"234","Hexapoda: Hemiptera","Heteroptera",NA,"Malcidae",NA,NA,NA,NA,NA,NA,"#DIV/0!",NA,NA,NA,NA,"Malcidae"
"235","Hexapoda: Hemiptera","Heteroptera",NA,"Medocostidae",NA,NA,NA,NA,NA,NA,"#DIV/0!",NA,NA,NA,NA,"Medocostidae"
"236","Hexapoda: Hemiptera","Heteroptera",NA,"Mesoveliidae",NA,NA,NA,NA,NA,NA,"#DIV/0!",NA,NA,NA,NA,"Mesoveliidae"
"237","Hexapoda: Hemiptera","Heteroptera",NA,"Microphysidae",NA,NA,NA,NA,NA,NA,"#DIV/0!",NA,NA,NA,NA,"Microphysidae"
"238","Hexapoda: Hemiptera","Heteroptera",NA,"Miridae",NA,NA,NA,NA,NA,NA,"#DIV/0!",NA,NA,NA,NA,"Miridae"
"239","Hexapoda: Hemiptera","Heteroptera",NA,"Nabidae",NA,NA,NA,NA,NA,NA,"#DIV/0!",NA,NA,NA,NA,"Nabidae"
"240","Hexapoda: Hemiptera","Heteroptera",NA,"Naucoridae",NA,NA,NA,NA,NA,NA,"#DIV/0!",NA,NA,NA,NA,"Naucoridae"
"241","Hexapoda: Hemiptera","Heteroptera",NA,"Nepidae",NA,NA,NA,NA,NA,NA,"#DIV/0!",NA,NA,NA,NA,"Nepidae"
"242","Hexapoda: Hemiptera","Heteroptera",NA,"Notonectidae",NA,NA,NA,NA,NA,NA,"#DIV/0!",NA,NA,NA,NA,"Notonectidae"
"243","Hexapoda: Hemiptera","Heteroptera",NA,"Ochteridae",NA,NA,NA,NA,NA,NA,"#DIV/0!",NA,NA,NA,NA,"Ochteridae"
"244","Hexapoda: Hemiptera","Heteroptera",NA,"Omaniidae",NA,NA,NA,NA,NA,NA,"#DIV/0!",NA,NA,NA,NA,"Omaniidae"
"245","Hexapoda: Hemiptera","Heteroptera",NA,"Oxycarenidae",NA,NA,NA,NA,NA,NA,"#REF!",NA,NA,NA,NA,"Oxycarenidae"
"246","Hexapoda: Hemiptera","Heteroptera",NA,"Pachygronthidae",NA,NA,NA,NA,NA,NA,"#DIV/0!",NA,NA,NA,NA,"Pachygronthidae"
"247","Hexapoda: Hemiptera","Heteroptera",NA,"Pachynomidae",NA,NA,NA,NA,NA,NA,"#DIV/0!",NA,NA,NA,NA,"Pachynomidae"
"248","Hexapoda: Hemiptera","Heteroptera",NA,"Parastrachiidae",NA,NA,NA,NA,NA,NA,"#DIV/0!",NA,NA,NA,NA,"Parastrachiidae"
"249","Hexapoda: Hemiptera","Heteroptera",NA,"Pentatomidae",NA,NA,NA,NA,NA,NA,"#DIV/0!",NA,NA,NA,NA,"Pentatomidae"
"250","Hexapoda: Hemiptera","Heteroptera",NA,"Phloeidae",NA,NA,NA,NA,NA,NA,"#DIV/0!",NA,NA,NA,NA,"Phloeidae"
"251","Hexapoda: Hemiptera","Heteroptera",NA,"Piesmatidae",NA,NA,NA,NA,NA,NA,"#DIV/0!",NA,NA,NA,NA,"Piesmatidae"
"252","Hexapoda: Hemiptera","Heteroptera",NA,"Plataspidae",NA,NA,NA,NA,NA,NA,"#DIV/0!",NA,NA,NA,NA,"Plataspidae"
"253","Hexapoda: Hemiptera","Heteroptera",NA,"Pleidae",NA,NA,NA,NA,NA,NA,"#DIV/0!",NA,NA,NA,NA,"Pleidae"
"254","Hexapoda: Hemiptera","Heteroptera",NA,"Plokiophilidae",NA,NA,NA,NA,NA,NA,"#DIV/0!",NA,NA,NA,NA,"Plokiophilidae"
"255","Hexapoda: Hemiptera","Heteroptera",NA,"Potamocoridae",NA,NA,NA,NA,NA,NA,"#DIV/0!",NA,NA,NA,NA,"Potamocoridae"
"256","Hexapoda: Hemiptera","Heteroptera",NA,"Pyrrhocoridae",NA,NA,NA,NA,NA,NA,"#DIV/0!",NA,NA,NA,NA,"Pyrrhocoridae"
"257","Hexapoda: Hemiptera","Heteroptera",NA,"Reduviidae",NA,NA,NA,NA,NA,NA,"#DIV/0!",NA,NA,NA,NA,"Reduviidae"
"258","Hexapoda: Hemiptera","Heteroptera",NA,"Rhopalidae",NA,NA,NA,NA,NA,NA,"#DIV/0!",NA,NA,NA,NA,"Rhopalidae"
"259","Hexapoda: Hemiptera","Heteroptera",NA,"Rhyparochromidae",NA,NA,NA,NA,NA,NA,"#DIV/0!",NA,NA,NA,NA,"Rhyparochromidae"
"260","Hexapoda: Hemiptera","Heteroptera",NA,"Saldidae",NA,NA,NA,NA,NA,NA,"#DIV/0!",NA,NA,NA,NA,"Saldidae"
"261","Hexapoda: Hemiptera","Heteroptera",NA,"Schizopteridae",NA,NA,NA,NA,NA,NA,"#DIV/0!",NA,NA,NA,NA,"Schizopteridae"
"262","Hexapoda: Hemiptera","Heteroptera",NA,"Scutelleridae",NA,NA,NA,NA,NA,NA,"#DIV/0!",NA,NA,NA,NA,"Scutelleridae"
"263","Hexapoda: Hemiptera","Heteroptera",NA,"Stemmocryptidae",NA,NA,NA,NA,NA,NA,"#DIV/0!",NA,NA,NA,NA,"Stemmocryptidae"
"264","Hexapoda: Hemiptera","Heteroptera",NA,"Stenocephalidae",NA,NA,NA,NA,NA,NA,"#DIV/0!",NA,NA,NA,NA,"Stenocephalidae"
"265","Hexapoda: Hemiptera","Heteroptera",NA,"Termitaphididae",NA,NA,NA,NA,NA,NA,"#DIV/0!",NA,NA,NA,NA,"Termitaphididae"
"266","Hexapoda: Hemiptera","Heteroptera",NA,"Tessaratomidae",NA,NA,NA,NA,NA,NA,"#DIV/0!",NA,NA,NA,NA,"Tessaratomidae"
"267","Hexapoda: Hemiptera","Heteroptera",NA,"Thaumastellidae",NA,NA,NA,NA,NA,NA,"#DIV/0!",NA,NA,NA,NA,"Thaumastellidae"
"268","Hexapoda: Hemiptera","Heteroptera",NA,"Thaumastocoridae",NA,NA,NA,NA,NA,NA,"#DIV/0!",NA,NA,NA,NA,"Thaumastocoridae"
"269","Hexapoda: Hemiptera","Heteroptera",NA,"Thyreocoridae",NA,NA,NA,NA,NA,NA,"#DIV/0!",NA,NA,NA,NA,"Thyreocoridae"
"270","Hexapoda: Hemiptera","Heteroptera",NA,"Tingidae",NA,NA,NA,NA,NA,NA,"#DIV/0!",NA,NA,NA,NA,"Tingidae"
"271","Hexapoda: Hemiptera","Heteroptera",NA,"Urostylididae",NA,NA,NA,NA,NA,NA,"#DIV/0!",NA,NA,NA,NA,"Urostylididae"
"272","Hexapoda: Hemiptera","Heteroptera",NA,"Veliidae",NA,NA,NA,NA,NA,NA,"#DIV/0!",NA,NA,NA,NA,"Veliidae"
"273","Hexapoda: Hemiptera","Heteroptera",NA,"Velocipedidae",NA,NA,NA,NA,NA,NA,"#DIV/0!",NA,NA,NA,NA,"Velocipedidae"
"280","Hexapoda: Trichoptera","Annulipalpia","Hydropsychoidea","Dipseudopsidae","ott162352","177948",27,6,0,NA,"#DIV/0!",NA,NA,NA,NA,"Dipseudopsidae"
"281","Hexapoda: Trichoptera","Annulipalpia","Hydropsychoidea","Ecnomidae","ott814395","177955",234,147,0,NA,"#DIV/0!",NA,NA,NA,NA,"Ecnomidae"
"282","Hexapoda: Trichoptera","Annulipalpia","Hydropsychoidea","Hydropsychidae","ott313723","41030",1638,962,0,NA,"#DIV/0!",NA,NA,NA,NA,"Hydropsychidae"
"283","Hexapoda: Trichoptera","Annulipalpia","Hydropsychoidea","Polycentropodidae","ott681020","161768",338,152,0,NA,"#DIV/0!",NA,NA,NA,NA,"Polycentropodidae"
"284","Hexapoda: Trichoptera","Annulipalpia","Hydropsychoidea","Psychomyiidae","ott325828","177913",103,36,0,NA,"#DIV/0!",NA,NA,NA,NA,"Psychomyiidae"
"285","Hexapoda: Trichoptera","Annulipalpia","Hydropsychoidea","Xiphocentronidae","ott111313","177961",75,66,0,NA,"#DIV/0!",NA,NA,NA,NA,"Xiphocentronidae"
"286","Hexapoda: Trichoptera","Annulipalpia","Philopotamoidea","Philopotamidae","ott524302","93876",558,270,0,NA,"#DIV/0!",NA,NA,NA,NA,"Philopotamidae"
"287","Hexapoda: Trichoptera","Annulipalpia","Philopotamoidea","Stenopsychidae","ott213422","177924",51,25,0,NA,"#DIV/0!",NA,NA,NA,NA,"Stenopsychidae"
"288","Hexapoda: Trichoptera","Integripalpia","Hydroptiloidea","Glossosomatidae","ott501518","177617",270,118,0,NA,"#DIV/0!",NA,NA,NA,NA,"Glossosomatidae"
"289","Hexapoda: Trichoptera","Integripalpia","Hydroptiloidea","Hydroptilidae","ott647454","57995",672,411,0,NA,"#DIV/0!",NA,NA,NA,NA,"Hydroptilidae"
"290","Hexapoda: Trichoptera","Integripalpia","Hydroptiloidea","Ptilocolepidae","ott351534","177601",9,2,0,NA,"#DIV/0!",NA,NA,NA,NA,"Ptilocolepidae"
"291","Hexapoda: Trichoptera","Integripalpia","Rhyacophiloidea","Hydrobiosidae","ott199991","177634",369,138,0,NA,"#DIV/0!",NA,NA,NA,NA,"Hydrobiosidae"
"292","Hexapoda: Trichoptera","Integripalpia","Rhyacophiloidea","Rhyacophilidae","ott200015","177631",233,65,0,NA,"#DIV/0!",NA,NA,NA,NA,"Rhyacophilidae"
"293","Hexapoda: Trichoptera","Integripalpia","Leptoceroidea","Atriplectididae","ott183542","177847",4,0,0,NA,"#DIV/0!",NA,NA,NA,NA,"Atriplectididae"
"294","Hexapoda: Trichoptera","Integripalpia","Leptoceroidea","Calamoceratidae","ott909823","177837",110,64,0,NA,"#DIV/0!",NA,NA,NA,NA,"Calamoceratidae"
"295","Hexapoda: Trichoptera","Integripalpia","Leptoceroidea","Molannidae","ott909824","177834",24,5,0,NA,"#DIV/0!",NA,NA,NA,NA,"Molannidae"
"296","Hexapoda: Trichoptera","Integripalpia","Leptoceroidea","Leptoceridae","ott318731","50642",794,362,0,NA,"#DIV/0!",NA,NA,NA,NA,"Leptoceridae"
"297","Hexapoda: Trichoptera","Integripalpia","Leptoceroidea","Limnocentropodidae","ott171603","177762",6,0,0,NA,"#DIV/0!",NA,NA,NA,NA,"Limnocentropodidae"
"298","Hexapoda: Trichoptera","Integripalpia","Leptoceroidea","Odontoceridae","ott16935","177786",90,53,0,NA,"#DIV/0!",NA,NA,NA,NA,"Odontoceridae"
"299","Hexapoda: Trichoptera","Integripalpia","Leptoceroidea","Philorheithridae","ott757910","177850",107,73,0,NA,"#DIV/0!",NA,NA,NA,NA,"Philorheithridae"
"300","Hexapoda: Trichoptera","Integripalpia","Limnephiloidea","Apataniidae","ott919159","177653",113,34,0,NA,"#DIV/0!",NA,NA,NA,NA,"Apataniidae"
"301","Hexapoda: Trichoptera","Integripalpia","Limnephiloidea","Goeridae","ott38008","177681",58,9,0,NA,"#DIV/0!",NA,NA,NA,NA,"Goeridae"
"302","Hexapoda: Trichoptera","Integripalpia","Limnephiloidea","Limnephilidae","ott808228","50645",870,346,1,NA,"#DIV/0!",NA,NA,NA,NA,"Limnephilidae"
"303","Hexapoda: Trichoptera","Integripalpia","Limnephiloidea","Rossianidae","ott3030185","N/A",0,0,0,NA,"#DIV/0!",NA,NA,NA,NA,"Rossianidae"
"304","Hexapoda: Trichoptera","Integripalpia","Limnephiloidea","Uenoidae","ott293840","177660",74,23,0,NA,"#DIV/0!",NA,NA,NA,NA,"Uenoidae"
"305","Hexapoda: Trichoptera","Integripalpia","Phryganeoidea","Brachycentridae","ott313714","41034",157,104,0,NA,"#DIV/0!",NA,NA,NA,NA,"Brachycentridae"
"306","Hexapoda: Trichoptera","Integripalpia","Phryganeoidea","Kokiriidae","ott757909","177857",13,0,0,NA,"#DIV/0!",NA,NA,NA,NA,"Kokiriidae"
"307","Hexapoda: Trichoptera","Integripalpia","Phryganeoidea","Lepidostomatidae","ott704532","158437",160,77,0,NA,"#DIV/0!",NA,NA,NA,NA,"Lepidostomatidae"
"308","Hexapoda: Trichoptera","Integripalpia","Phryganeoidea","Oeconesidae","ott641953","177759",25,2,0,NA,"#DIV/0!",NA,NA,NA,NA,"Oeconesidae"
"309","Hexapoda: Trichoptera","Integripalpia","Phryganeoidea","Phryganeidae","ott38013","177685",84,14,0,NA,"#DIV/0!",NA,NA,NA,NA,"Phryganeidae"
"310","Hexapoda: Trichoptera","Integripalpia","Phryganeoidea","Phryganopsychidae","ott919160","177650",3,0,0,NA,"#DIV/0!",NA,NA,NA,NA,"Phryganopsychidae"
"311","Hexapoda: Trichoptera","Integripalpia","Phryganeoidea","Pisuliidae","ott222293","177703",10,4,0,NA,"#DIV/0!",NA,NA,NA,NA,"Pisuliidae"
"312","Hexapoda: Trichoptera","Integripalpia","Phryganeoidea","Plectrotarsidae","ott222296","177706",6,2,0,NA,"#DIV/0!",NA,NA,NA,NA,"Plectrotarsidae"
"313","Hexapoda: Trichoptera","Integripalpia","Sericostomatoidea","Anomalopsychidae","ott687444","177791",9,0,0,NA,"#DIV/0!",NA,NA,NA,NA,"Anomalopsychidae"
"314","Hexapoda: Trichoptera","Integripalpia","Sericostomatoidea","Antipodoeciidae","ott3028383","1432044",12,9,0,NA,"#DIV/0!",NA,NA,NA,NA,"Antipodoeciidae"
"315","Hexapoda: Trichoptera","Integripalpia","Sericostomatoidea","Barbarochthonidae","ott694464","177770",5,2,0,NA,"#DIV/0!",NA,NA,NA,NA,"Barbarochthonidae"
"316","Hexapoda: Trichoptera","Integripalpia","Sericostomatoidea","Beraeidae","ott1047464","177794",12,0,0,NA,"#DIV/0!",NA,NA,NA,NA,"Beraeidae"
"317","Hexapoda: Trichoptera","Integripalpia","Sericostomatoidea","Calocidae","ott285255","177804",141,118,0,NA,"#DIV/0!",NA,NA,NA,NA,"Calocidae"
"318","Hexapoda: Trichoptera","Integripalpia","Sericostomatoidea","Chathamiidae","ott860067","177816",7,0,0,NA,"#DIV/0!",NA,NA,NA,NA,"Chathamiidae"
"319","Hexapoda: Trichoptera","Integripalpia","Sericostomatoidea","Conoesucidae","ott285252","177807",229,184,0,NA,"#DIV/0!",NA,NA,NA,NA,"Conoesucidae"
"320","Hexapoda: Trichoptera","Integripalpia","Sericostomatoidea","Helicophidae","ott694473","177776",65,26,0,NA,"#DIV/0!",NA,NA,NA,NA,"Helicophidae"
"321","Hexapoda: Trichoptera","Integripalpia","Sericostomatoidea","Helicopsychidae","ott1047496","177799",111,69,0,NA,"#DIV/0!",NA,NA,NA,NA,"Helicopsychidae"
"322","Hexapoda: Trichoptera","Integripalpia","Sericostomatoidea","Hydrosalpingidae","ott694466","177773",3,0,0,NA,"#DIV/0!",NA,NA,NA,NA,"Hydrosalpingidae"
"323","Hexapoda: Trichoptera","Integripalpia","Sericostomatoidea","Petrothrincidae","ott171607","177766",7,0,0,NA,"#DIV/0!",NA,NA,NA,NA,"Petrothrincidae"
"324","Hexapoda: Trichoptera","Integripalpia","Sericostomatoidea","Sericostomatidae","ott16930","177781",176,130,0,NA,"#DIV/0!",NA,NA,NA,NA,"Sericostomatidae"
"325","Hexapoda: Trichoptera","Integripalpia","Sericostomatoidea","Tasimiidae","ott910069","177820",26,17,0,NA,"#DIV/0!",NA,NA,NA,NA,"Tasimiidae"
"329","Hexapoda: Diptera","Nematocera: Tipulomorpha","Tipuloidea","Cylindrotomidae",NA,NA,NA,NA,NA,NA,"#DIV/0!",NA,NA,NA,NA,"Cylindrotomidae"
"330","Hexapoda: Diptera","Nematocera: Tipulomorpha","Tipuloidea","Limoniidae",NA,NA,NA,NA,NA,NA,"#DIV/0!",NA,NA,NA,NA,"Limoniidae"
"331","Hexapoda: Diptera","Nematocera: Tipulomorpha","Tipuloidea","Pediciidae",NA,NA,NA,NA,NA,NA,"#DIV/0!",NA,NA,NA,NA,"Pediciidae"
"332","Hexapoda: Diptera","Nematocera: Tipulomorpha","Tipuloidea","Tipulidae",NA,NA,NA,NA,NA,NA,"#DIV/0!",NA,NA,NA,NA,"Tipulidae"
"333","Hexapoda: Diptera","Nematocera: Tipulomorpha","Trichoceroidea","Trichoceridae",NA,NA,NA,NA,NA,NA,"#DIV/0!",NA,NA,NA,NA,"Trichoceridae"
"334","Hexapoda: Diptera","Nematocera: Ptychopteromorpha",NA,"Ptychopteridae",NA,NA,NA,NA,NA,NA,"#DIV/0!",NA,NA,NA,NA,"Ptychopteridae"
"335","Hexapoda: Diptera","Nematocera: Ptychopteromorpha",NA,"Tanyderidae",NA,NA,NA,NA,NA,NA,"#DIV/0!",NA,NA,NA,NA,"Tanyderidae"
"336","Hexapoda: Diptera","Nematocera: Psychodomorpha","Trichoceroidea","Anisopodidae",NA,NA,NA,NA,NA,NA,"#DIV/0!",NA,NA,NA,NA,"Anisopodidae"
"337","Hexapoda: Diptera","Nematocera: Psychodomorpha","Trichoceroidea","Perissommatidae",NA,NA,NA,NA,NA,NA,"#DIV/0!",NA,NA,NA,NA,"Perissommatidae"
"338","Hexapoda: Diptera","Nematocera: Psychodomorpha","Psychodoidea","Psychodidae",NA,NA,NA,NA,NA,NA,"#DIV/0!",NA,NA,NA,NA,"Psychodidae"
"339","Hexapoda: Diptera","Nematocera: Psychodomorpha","Scatopsoidea","Scatopsidae",NA,NA,NA,NA,NA,NA,"#DIV/0!",NA,NA,NA,NA,"Scatopsidae"
"340","Hexapoda: Diptera","Nematocera: Deuterophlebiidae","Blephariceromorpha","Deuterophlebiidae",NA,NA,NA,NA,NA,NA,"#DIV/0!",NA,NA,NA,NA,"Deuterophlebiidae"
"341","Hexapoda: Diptera","Nematocera: Culicomorpha","Culicoidea","Ceratopogonidae",NA,NA,NA,NA,NA,NA,"#DIV/0!",NA,NA,NA,NA,"Ceratopogonidae"
"342","Hexapoda: Diptera","Nematocera: Culicomorpha","Culicoidea","Chaoboridae",NA,NA,NA,NA,NA,NA,"#DIV/0!",NA,NA,NA,NA,"Chaoboridae"
"343","Hexapoda: Diptera","Nematocera: Culicomorpha","Chironomoidea","Chironomidae",NA,NA,NA,NA,NA,NA,"#DIV/0!",NA,NA,NA,NA,"Chironomidae"
"344","Hexapoda: Diptera","Nematocera: Culicomorpha","Culicoidea","Corethrellidae",NA,NA,NA,NA,NA,NA,"#DIV/0!",NA,NA,NA,NA,"Corethrellidae"
"345","Hexapoda: Diptera","Nematocera: Culicomorpha","Culicoidea","Culicidae",NA,NA,NA,NA,NA,NA,"#DIV/0!",NA,NA,NA,NA,"Culicidae"
"346","Hexapoda: Diptera","Nematocera: Culicomorpha","Culicoidea","Dixidae",NA,NA,NA,NA,NA,NA,"#DIV/0!",NA,NA,NA,NA,"Dixidae"
"347","Hexapoda: Diptera","Nematocera: Culicomorpha","Chironomoidea","Simuliidae",NA,NA,NA,NA,NA,NA,"#DIV/0!",NA,NA,NA,NA,"Simuliidae"
"348","Hexapoda: Diptera","Nematocera: Culicomorpha","Chironomoidea","Thaumaleidae",NA,NA,NA,NA,NA,NA,"#DIV/0!",NA,NA,NA,NA,"Thaumaleidae"
"349","Hexapoda: Diptera","Nematocera: Blephariceromorpha","Blephariceroidea","Blephariceridae",NA,NA,NA,NA,NA,NA,"#DIV/0!",NA,NA,NA,NA,"Blephariceridae"
"350","Hexapoda: Diptera","Nematocera: Blephariceromorpha","Nymphomyoidea","Nymphomyiidae",NA,NA,NA,NA,NA,NA,"#DIV/0!",NA,NA,NA,NA,"Nymphomyiidae"
"351","Hexapoda: Diptera","Nematocera: Bibionomorpha","Bibionoidea","Bibionidae",NA,NA,NA,NA,NA,NA,"#DIV/0!",NA,NA,NA,NA,"Bibionidae"
"352","Hexapoda: Diptera","Nematocera: Bibionomorpha","Sciaroidea","Bolitophilidae",NA,NA,NA,NA,NA,NA,"#DIV/0!",NA,NA,NA,NA,"Bolitophilidae"
"353","Hexapoda: Diptera","Nematocera: Psychodomorpha","Psychodoidea","Canthyloscelididae",NA,NA,NA,NA,NA,NA,"#DIV/0!",NA,NA,NA,NA,"Canthyloscelididae"
"354","Hexapoda: Diptera","Nematocera: Bibionomorpha","Sciaroidea","Cecidomyiidae",NA,NA,NA,NA,NA,NA,"#DIV/0!",NA,NA,NA,NA,"Cecidomyiidae"
"355","Hexapoda: Diptera","Nematocera: Bibionomorpha","Sciaroidea","Diadocidiidae",NA,NA,NA,NA,NA,NA,"#DIV/0!",NA,NA,NA,NA,"Diadocidiidae"
"356","Hexapoda: Diptera","Nematocera: Bibionomorpha","Sciaroidea","Diastatidae",NA,NA,NA,NA,NA,NA,"#DIV/0!",NA,NA,NA,NA,"Diastatidae"
"357","Hexapoda: Diptera","Nematocera: Bibionomorpha","Sciaroidea","Ditomyiidae",NA,NA,NA,NA,NA,NA,"#DIV/0!",NA,NA,NA,NA,"Ditomyiidae"
"358","Hexapoda: Diptera","Nematocera: Bibionomorpha","Bibionoidea","Hesperinidae",NA,NA,NA,NA,NA,NA,"#DIV/0!",NA,NA,NA,NA,"Hesperinidae"
"359","Hexapoda: Diptera","Nematocera: Bibionomorpha","Sciaroidea","Keroplatidae",NA,NA,NA,NA,NA,NA,"#DIV/0!",NA,NA,NA,NA,"Keroplatidae"
"360","Hexapoda: Diptera","Nematocera: Bibionomorpha","Sciaroidea","Mycetophilidae",NA,NA,NA,NA,NA,NA,"#DIV/0!",NA,NA,NA,NA,"Mycetophilidae"
"361","Hexapoda: Diptera","Nematocera: Bibionomorpha","Sciaroidea","Sciaridae",NA,NA,NA,NA,NA,NA,"#DIV/0!",NA,NA,NA,NA,"Sciaridae"
"362","Hexapoda: Diptera","Nematocera: Bibionomoprha","Pachyneuroidea","Pachyneuridae",NA,NA,NA,NA,NA,NA,"#DIV/0!",NA,NA,NA,NA,"Pachyneuridae"
"363","Hexapoda: Diptera","Nematocera: Axymyiomorpha",NA,"Axymyiidae",NA,NA,NA,NA,NA,NA,"#DIV/0!",NA,NA,NA,NA,"Axymyiidae"
"364","Hexapoda: Diptera","Brachycera:Tabanomorpha","Rhagionoidea","Rhagionidae",NA,NA,NA,NA,NA,NA,"#DIV/0!",NA,NA,NA,NA,"Rhagionidae"
"365","Hexapoda: Diptera","Brachycera: Tabanomorpha","Tabanoidea","Athericidae",NA,NA,NA,NA,NA,NA,"#DIV/0!",NA,NA,NA,NA,"Athericidae"
"366","Hexapoda: Diptera","Brachycera: Tabanomorpha","Rhagionoidea","Austroleptidae",NA,NA,NA,NA,NA,NA,"#DIV/0!",NA,NA,NA,NA,"Austroleptidae"
"367","Hexapoda: Diptera","Brachycera: Tabanomorpha","Rhagionoidea","Oreoleptidae",NA,NA,NA,NA,NA,NA,"#DIV/0!",NA,NA,NA,NA,"Oreoleptidae"
"368","Hexapoda: Diptera","Brachycera: Tabanomorpha","Rhagionoidea","Spaniidae",NA,NA,NA,NA,NA,NA,"#DIV/0!",NA,NA,NA,NA,"Spaniidae"
"369","Hexapoda: Diptera","Brachycera: Tabanomorpha","Rhagionoidea","Vermileonidae",NA,NA,NA,NA,NA,NA,"#DIV/0!",NA,NA,NA,NA,"Vermileonidae"
"370","Hexapoda: Diptera","Brachycera: Stratiomyomorpha","Stratiomyomorpha","Pantophthalmidae",NA,NA,NA,NA,NA,NA,"#DIV/0!",NA,NA,NA,NA,"Pantophthalmidae"
"371","Hexapoda: Diptera","Brachycera: Stratiomyomorpha","Stratiomyoidea","Stratiomyidae",NA,NA,NA,NA,NA,NA,"#DIV/0!",NA,NA,NA,NA,"Stratiomyidae"
"372","Hexapoda: Diptera","Brachycera: Stratiomyomorpha","Stratiomyoidea","Xylomyidae",NA,NA,NA,NA,NA,NA,"#DIV/0!",NA,NA,NA,NA,"Xylomyidae"
"373","Hexapoda: Diptera","Brachycera: Xylophagomorpha","Xylophagoidea","Xylophagidae",NA,NA,NA,NA,NA,NA,"#DIV/0!",NA,NA,NA,NA,"Xylophagidae"
"374","Hexapoda: Diptera","Brachycera: Muscomorpha","Carnoidea","Acartophthalmidae",NA,NA,NA,NA,NA,NA,"#DIV/0!",NA,NA,NA,NA,"Acartophthalmidae"
"375","Hexapoda: Diptera","Brachycera: Muscomorpha","Opomyzoidea","Agromyzidae",NA,NA,NA,NA,NA,NA,"#DIV/0!",NA,NA,NA,NA,"Agromyzidae"
"376","Hexapoda: Diptera","Brachycera: Muscomorpha","Muscoidea","Anthomyiidae",NA,NA,NA,NA,NA,NA,"#DIV/0!",NA,NA,NA,NA,"Anthomyiidae"
"377","Hexapoda: Diptera","Brachycera: Muscomorpha","Opomyzoidea","Anthomyzidae",NA,NA,NA,NA,NA,NA,"#DIV/0!",NA,NA,NA,NA,"Anthomyzidae"
"378","Hexapoda: Diptera","Brachycera: Muscomorpha","Opomyzoidea","Asteiidae",NA,NA,NA,NA,NA,NA,"#DIV/0!",NA,NA,NA,NA,"Asteiidae"
"379","Hexapoda: Diptera","Brachycera: Muscomorpha","Carnoidea","Aulacigastridae",NA,NA,NA,NA,NA,NA,"#DIV/0!",NA,NA,NA,NA,"Aulacigastridae"
"380","Hexapoda: Diptera","Brachycera: Muscomorpha","Carnoidea","Australimyzidae",NA,NA,NA,NA,NA,NA,"#DIV/0!",NA,NA,NA,NA,"Australimyzidae"
"381","Hexapoda: Diptera","Brachycera: Muscomorpha","Ephydroidea","Braulidae",NA,NA,NA,NA,NA,NA,"#DIV/0!",NA,NA,NA,NA,"Braulidae"
"382","Hexapoda: Diptera","Brachycera: Muscomorpha","Oestroidea","Calliphoridae",NA,NA,NA,NA,NA,NA,"#DIV/0!",NA,NA,NA,NA,"Calliphoridae"
"383","Hexapoda: Diptera","Brachycera: Muscomorpha","Ephydroidea","Camillidae",NA,NA,NA,NA,NA,NA,"#DIV/0!",NA,NA,NA,NA,"Camillidae"
"384","Hexapoda: Diptera","Brachycera: Muscomorpha","Ephydroidea","Canacidae",NA,NA,NA,NA,NA,NA,"#DIV/0!",NA,NA,NA,NA,"Canacidae"
"385","Hexapoda: Diptera","Brachycera: Muscomorpha","Carnoidea","Carnidae",NA,NA,NA,NA,NA,NA,"#DIV/0!",NA,NA,NA,NA,"Carnidae"
"386","Hexapoda: Diptera","Brachycera: Muscomorpha","Lauxanioidea","Celyphidae",NA,NA,NA,NA,NA,NA,"#DIV/0!",NA,NA,NA,NA,"Celyphidae"
"387","Hexapoda: Diptera","Brachycera: Muscomorpha","Lauxanioidea","Chamaemyiidae",NA,NA,NA,NA,NA,NA,"#DIV/0!",NA,NA,NA,NA,"Chamaemyiidae"
"388","Hexapoda: Diptera","Brachycera: Muscomorpha","Carnoidea","Chloropidae",NA,NA,NA,NA,NA,NA,"#DIV/0!",NA,NA,NA,NA,"Chloropidae"
"389","Hexapoda: Diptera","Brachycera: Muscomorpha","Sphaeroceroidea","Chyromyidae",NA,NA,NA,NA,NA,NA,"#DIV/0!",NA,NA,NA,NA,"Chyromyidae"
"390","Hexapoda: Diptera","Brachycera: Muscomorpha","Opomyzoidea","Clusiidae",NA,NA,NA,NA,NA,NA,"#DIV/0!",NA,NA,NA,NA,"Clusiidae"
"391","Hexapoda: Diptera","Brachycera: Muscomorpha","Sciomyzoidea","Coelopidae",NA,NA,NA,NA,NA,NA,"#DIV/0!",NA,NA,NA,NA,"Coelopidae"
"392","Hexapoda: Diptera","Brachycera: Muscomorpha","Conopoidea","Conopidae",NA,NA,NA,NA,NA,NA,"#DIV/0!",NA,NA,NA,NA,"Conopidae"
"393","Hexapoda: Diptera","Brachycera: Muscomorpha","Ephydroidea","Cryptochetidae",NA,NA,NA,NA,NA,NA,"#DIV/0!",NA,NA,NA,NA,"Cryptochetidae"
"394","Hexapoda: Diptera","Brachycera: Muscomorpha","Tephritoidea","Ctenostylidae",NA,NA,NA,NA,NA,NA,"#DIV/0!",NA,NA,NA,NA,"Ctenostylidae"
"395","Hexapoda: Diptera","Brachycera: Muscomorpha","Ephydroidea","Curtonotidae",NA,NA,NA,NA,NA,NA,"#DIV/0!",NA,NA,NA,NA,"Curtonotidae"
"396","Hexapoda: Diptera","Brachycera: Muscomorpha","Lauxanioidea","Celyphidae",NA,NA,NA,NA,NA,NA,"#DIV/0!",NA,NA,NA,NA,"Celyphidae"
"397","Hexapoda: Diptera","Brachycera: Muscomorpha","Tephritoidea","Cypselosomatidae",NA,NA,NA,NA,NA,NA,"#DIV/0!",NA,NA,NA,NA,"Cypselosomatidae"
"398","Hexapoda: Diptera","Brachycera: Muscomorpha","Diopsoidea","Diopsidae",NA,NA,NA,NA,NA,NA,"#DIV/0!",NA,NA,NA,NA,"Diopsidae"
"399","Hexapoda: Diptera","Brachycera: Muscomorpha","Ephydroidea","Drosophilidae",NA,NA,NA,NA,NA,NA,"#DIV/0!",NA,NA,NA,NA,"Drosophilidae"
"400","Hexapoda: Diptera","Brachycera: Muscomorpha","Sciomyzoidea","Dryomyzidae",NA,NA,NA,NA,NA,NA,"#DIV/0!",NA,NA,NA,NA,"Dryomyzidae"
"401","Hexapoda: Diptera","Brachycera: Muscomorpha","Ephydroidea","Ephydridae",NA,NA,NA,NA,NA,NA,"#DIV/0!",NA,NA,NA,NA,"Ephydridae"
"402","Hexapoda: Diptera","Brachycera: Muscomorpha","Lauxanioidea","Eurychoromyiidae",NA,NA,NA,NA,NA,NA,"#DIV/0!",NA,NA,NA,NA,"Eurychoromyiidae"
"403","Hexapoda: Diptera","Brachycera: Muscomorpha","Muscoidea","Fanniidae",NA,NA,NA,NA,NA,NA,"#DIV/0!",NA,NA,NA,NA,"Fanniidae"
"404","Hexapoda: Diptera","Brachycera: Muscomorpha","Opomyzoidea","Fergusoninidae",NA,NA,NA,NA,NA,NA,"#DIV/0!",NA,NA,NA,NA,"Fergusoninidae"
"405","Hexapoda: Diptera","Brachycera: Muscomorpha","Hippoboscoidea","Glossinidae",NA,NA,NA,NA,NA,NA,"#DIV/0!",NA,NA,NA,NA,"Glossinidae"
"406","Hexapoda: Diptera","Brachycera: Muscomorpha","Diopsoidea","Gobryidae",NA,NA,NA,NA,NA,NA,"#DIV/0!",NA,NA,NA,NA,"Gobryidae"
"407","Hexapoda: Diptera","Brachycera: Muscomorpha","Sciomyzoidea","Helcomyzidae",NA,NA,NA,NA,NA,NA,"#DIV/0!",NA,NA,NA,NA,"Helcomyzidae"
"408","Hexapoda: Diptera","Brachycera: Muscomorpha","Sphaeroceroidea","Heleomyzidae",NA,NA,NA,NA,NA,NA,"#DIV/0!",NA,NA,NA,NA,"Heleomyzidae"
"409","Hexapoda: Diptera","Brachycera: Muscomorpha","Sciomyzoidea","Helosciomyzidae",NA,NA,NA,NA,NA,NA,"#DIV/0!",NA,NA,NA,NA,"Helosciomyzidae"
"410","Hexapoda: Diptera","Brachycera: Muscomorpha","Sciomyzoidea","Heterocheilidae",NA,NA,NA,NA,NA,NA,"#DIV/0!",NA,NA,NA,NA,"Heterocheilidae"
"411","Hexapoda: Diptera","Brachycera: Muscomorpha","Hippoboscoidea","Hippoboscidae",NA,NA,NA,NA,NA,NA,"#DIV/0!",NA,NA,NA,NA,"Hippoboscidae"
"412","Hexapoda: Diptera","Brachycera: Muscomorpha","Sciomyzoidea","Huttoninidae",NA,NA,NA,NA,NA,NA,"#DIV/0!",NA,NA,NA,NA,"Huttoninidae"
"413","Hexapoda: Diptera","Brachycera: Muscomorpha","Carnoidea","Inbiomyiidae",NA,NA,NA,NA,NA,NA,"#DIV/0!",NA,NA,NA,NA,"Inbiomyiidae"
"414","Hexapoda: Diptera","Brachycera: Muscomorpha","Lauxanioidea","Lauxaniidae",NA,NA,NA,NA,NA,NA,"#DIV/0!",NA,NA,NA,NA,"Lauxaniidae"
"415","Hexapoda: Diptera","Brachycera: Muscomorpha","Tephritoidea","Lonchaeidae",NA,NA,NA,NA,NA,NA,"#DIV/0!",NA,NA,NA,NA,"Lonchaeidae"
"416","Hexapoda: Diptera","Brachycera: Muscomorpha","Opomyzoidea","Marginidae",NA,NA,NA,NA,NA,NA,"#DIV/0!",NA,NA,NA,NA,"Marginidae"
"417","Hexapoda: Diptera","Brachycera: Muscomorpha","Nerioidea","Megamerinidae",NA,NA,NA,NA,NA,NA,"#DIV/0!",NA,NA,NA,NA,"Megamerinidae"
"418","Hexapoda: Diptera","Brachycera: Muscomorpha","Nerioidea","Micropezidae",NA,NA,NA,NA,NA,NA,"#DIV/0!",NA,NA,NA,NA,"Micropezidae"
"419","Hexapoda: Diptera","Brachycera: Muscomorpha","Carnoidea","Milichiidae",NA,NA,NA,NA,NA,NA,"#DIV/0!",NA,NA,NA,NA,"Milichiidae"
"420","Hexapoda: Diptera","Brachycera: Muscomorpha","Ephydroidea","Mormotomyiidae",NA,NA,NA,NA,NA,NA,"#DIV/0!",NA,NA,NA,NA,"Mormotomyiidae"
"421","Hexapoda: Diptera","Brachycera: Muscomorpha","Muscoidea","Muscidae",NA,NA,NA,NA,NA,NA,"#DIV/0!",NA,NA,NA,NA,"Muscidae"
"422","Hexapoda: Diptera","Brachycera: Muscomorpha","Oestroidea","Mystacinobiidae",NA,NA,NA,NA,NA,NA,"#DIV/0!",NA,NA,NA,NA,"Mystacinobiidae"
"423","Hexapoda: Diptera","Brachycera: Muscomorpha","Sphaeroceroidea","Nannodastiidae",NA,NA,NA,NA,NA,NA,"#DIV/0!",NA,NA,NA,NA,"Nannodastiidae"
"424","Hexapoda: Diptera","Brachycera: Muscomorpha","Sciomyzoidea","Natalimyzidae",NA,NA,NA,NA,NA,NA,"#DIV/0!",NA,NA,NA,NA,"Natalimyzidae"
"425","Hexapoda: Diptera","Brachycera: Muscomorpha","Opomyzoidea","Neminidae",NA,NA,NA,NA,NA,NA,"#DIV/0!",NA,NA,NA,NA,"Neminidae"
"426","Hexapoda: Diptera","Brachycera: Muscomorpha","Nerioidea","Neriidae",NA,NA,NA,NA,NA,NA,"#DIV/0!",NA,NA,NA,NA,"Neriidae"
"427","Hexapoda: Diptera","Brachycera: Muscomorpha","Opomyzoidea","Neurochaetidae",NA,NA,NA,NA,NA,NA,"#DIV/0!",NA,NA,NA,NA,"Neurochaetidae"
"428","Hexapoda: Diptera","Brachycera: Muscomorpha","Diopsoidea","Nothybidae",NA,NA,NA,NA,NA,NA,"#DIV/0!",NA,NA,NA,NA,"Nothybidae"
"429","Hexapoda: Diptera","Brachycera: Muscomorpha","Opomyzoidea","Odiniidae",NA,NA,NA,NA,NA,NA,"#DIV/0!",NA,NA,NA,NA,"Odiniidae"
"430","Hexapoda: Diptera","Brachycera: Muscomorpha","Oestroidea","Oestridae",NA,NA,NA,NA,NA,NA,"#DIV/0!",NA,NA,NA,NA,"Oestridae"
"431","Hexapoda: Diptera","Brachycera: Muscomorpha","Opomyzoidea","Opomyzidae",NA,NA,NA,NA,NA,NA,"#DIV/0!",NA,NA,NA,NA,"Opomyzidae"
"432","Hexapoda: Diptera","Brachycera: Muscomorpha","Tephritoidea","Pallopteridae",NA,NA,NA,NA,NA,NA,"#DIV/0!",NA,NA,NA,NA,"Pallopteridae"
"433","Hexapoda: Diptera","Brachycera: Muscomorpha","Opomyzoidea","Periscelididae",NA,NA,NA,NA,NA,NA,"#DIV/0!",NA,NA,NA,NA,"Periscelididae"
"434","Hexapoda: Diptera","Brachycera: Muscomorpha","Sciomyzoidea","Phaeomyidae",NA,NA,NA,NA,NA,NA,"#DIV/0!",NA,NA,NA,NA,"Phaeomyidae"
"435","Hexapoda: Diptera","Brachycera: Muscomorpha","Tephritoidea","Piophilidae",NA,NA,NA,NA,NA,NA,"#DIV/0!",NA,NA,NA,NA,"Piophilidae"
"436","Hexapoda: Diptera","Brachycera: Muscomorpha","Tephritoidea","Platystomatidae",NA,NA,NA,NA,NA,NA,"#DIV/0!",NA,NA,NA,NA,"Platystomatidae"
"437","Hexapoda: Diptera","Brachycera: Muscomorpha","Diopsoidea","Psilidae",NA,NA,NA,NA,NA,NA,"#DIV/0!",NA,NA,NA,NA,"Psilidae"
"438","Hexapoda: Diptera","Brachycera: Muscomorpha","Tephritoidea","Pyrgotidae",NA,NA,NA,NA,NA,NA,"#DIV/0!",NA,NA,NA,NA,"Pyrgotidae"
"439","Hexapoda: Diptera","Brachycera: Muscomorpha","Oestroidea","Rhiniidae",NA,NA,NA,NA,NA,NA,"#DIV/0!",NA,NA,NA,NA,"Rhiniidae"
"440","Hexapoda: Diptera","Brachycera: Muscomorpha","Oestroidea","Rhinophoridae",NA,NA,NA,NA,NA,NA,"#DIV/0!",NA,NA,NA,NA,"Rhinophoridae"
"441","Hexapoda: Diptera","Brachycera: Muscomorpha","Tephritoidea","Richardiidae",NA,NA,NA,NA,NA,NA,"#DIV/0!",NA,NA,NA,NA,"Richardiidae"
"442","Hexapoda: Diptera","Brachycera: Muscomorpha","Sciomyzoidea","Ropalomeridae",NA,NA,NA,NA,NA,NA,"#DIV/0!",NA,NA,NA,NA,"Ropalomeridae"
"443","Hexapoda: Diptera","Brachycera: Muscomorpha","Oestroidea","Sarcophagidae",NA,NA,NA,NA,NA,NA,"#DIV/0!",NA,NA,NA,NA,"Sarcophagidae"
"444","Hexapoda: Diptera","Brachycera: Muscomorpha","Muscoidea","Scathophagidae",NA,NA,NA,NA,NA,NA,"#DIV/0!",NA,NA,NA,NA,"Scathophagidae"
"445","Hexapoda: Diptera","Brachycera: Muscomorpha","Sciomyzoidea","Sciomyzidae",NA,NA,NA,NA,NA,NA,"#DIV/0!",NA,NA,NA,NA,"Sciomyzidae"
"446","Hexapoda: Diptera","Brachycera: Muscomorpha","Sciomyzoidea","Sepsidae",NA,NA,NA,NA,NA,NA,"#DIV/0!",NA,NA,NA,NA,"Sepsidae"
"447","Hexapoda: Diptera","Brachycera: Muscomorpha","Diopsoidea","Somatiidae",NA,NA,NA,NA,NA,NA,"#DIV/0!",NA,NA,NA,NA,"Somatiidae"
"448","Hexapoda: Diptera","Brachycera: Muscomorpha","Sphaeroceroidea","Sphaeroceridae",NA,NA,NA,NA,NA,NA,"#DIV/0!",NA,NA,NA,NA,"Sphaeroceridae"
"449","Hexapoda: Diptera","Brachycera: Muscomorpha","Diopsoidea","Strongylophthalmiidae",NA,NA,NA,NA,NA,NA,"#DIV/0!",NA,NA,NA,NA,"Strongylophthalmiidae"
"450","Hexapoda: Diptera","Brachycera: Muscomorpha","Diopsoidea","Syringogastridae",NA,NA,NA,NA,NA,NA,"#DIV/0!",NA,NA,NA,NA,"Syringogastridae"
"451","Hexapoda: Diptera","Brachycera: Muscomorpha","Syrphoidea","Syrphidae",NA,NA,NA,NA,NA,NA,"#DIV/0!",NA,NA,NA,NA,"Syrphidae"
"452","Hexapoda: Diptera","Brachycera: Muscomorpha","Oestroidea","Tachinidae",NA,NA,NA,NA,NA,NA,"#DIV/0!",NA,NA,NA,NA,"Tachinidae"
"453","Hexapoda: Diptera","Brachycera: Muscomorpha","Tephritoidea","Tachiniscidae",NA,NA,NA,NA,NA,NA,"#DIV/0!",NA,NA,NA,NA,"Tachiniscidae"
"454","Hexapoda: Diptera","Brachycera: Muscomorpha","Diopsoidea","Tanypezidae",NA,NA,NA,NA,NA,NA,"#DIV/0!",NA,NA,NA,NA,"Tanypezidae"
"455","Hexapoda: Diptera","Brachycera: Muscomorpha","Tephritoidea","Tephritidae",NA,NA,NA,NA,NA,NA,"#DIV/0!",NA,NA,NA,NA,"Tephritidae"
"456","Hexapoda: Diptera","Brachycera: Muscomorpha","Opomyzoidea","Teratomyzidae",NA,NA,NA,NA,NA,NA,"#DIV/0!",NA,NA,NA,NA,"Teratomyzidae"
"457","Hexapoda: Diptera","Brachycera: Muscomorpha","Tephritoidea","Ulidiidae",NA,NA,NA,NA,NA,NA,"#DIV/0!",NA,NA,NA,NA,"Ulidiidae"
"458","Hexapoda: Diptera","Brachycera: Muscomorpha","Opomyzoidea","Xenasteiidae",NA,NA,NA,NA,NA,NA,"#DIV/0!",NA,NA,NA,NA,"Xenasteiidae"
"459","Hexapoda: Diptera","Brachycera: Eremoneura","Empidoidea","Brachystomatidae",NA,NA,NA,NA,NA,NA,"#DIV/0!",NA,NA,NA,NA,"Brachystomatidae"
"460","Hexapoda: Diptera","Brachycera: Eremoneura","Empidoidea","Dolichopodidae",NA,NA,NA,NA,NA,NA,"#DIV/0!",NA,NA,NA,NA,"Dolichopodidae"
"461","Hexapoda: Diptera","Brachycera: Eremoneura","Empidoidea","Empididae",NA,NA,NA,NA,NA,NA,"#DIV/0!",NA,NA,NA,NA,"Empididae"
"462","Hexapoda: Diptera","Brachycera: Eremoneura","Empidoidea","Atelestidae",NA,NA,NA,NA,NA,NA,"#DIV/0!",NA,NA,NA,NA,"Atelestidae"
"463","Hexapoda: Diptera","Brachycera: Eremoneura","Empidoidea","Homalocnemidae",NA,NA,NA,NA,NA,NA,"#DIV/0!",NA,NA,NA,NA,"Homalocnemidae"
"464","Hexapoda: Diptera","Brachycera: Eremoneura","Empidoidea","Hybotidae",NA,NA,NA,NA,NA,NA,"#DIV/0!",NA,NA,NA,NA,"Hybotidae"
"465","Hexapoda: Diptera","Brachycera: Eremoneura","Phoroidea","Ironomyiidae",NA,NA,NA,NA,NA,NA,"#DIV/0!",NA,NA,NA,NA,"Ironomyiidae"
"466","Hexapoda: Diptera","Brachycera: Eremoneura","Platypezoidea","Lonchopteridae",NA,NA,NA,NA,NA,NA,"#DIV/0!",NA,NA,NA,NA,"Lonchopteridae"
"467","Hexapoda: Diptera","Brachycera: Eremoneura","Platypezoidea","Opetiidae",NA,NA,NA,NA,NA,NA,"#DIV/0!",NA,NA,NA,NA,"Opetiidae"
"468","Hexapoda: Diptera","Brachycera: Eremoneura","Empidoidea","Oreogetonidae",NA,NA,NA,NA,NA,NA,"#DIV/0!",NA,NA,NA,NA,"Oreogetonidae"
"469","Hexapoda: Diptera","Brachycera: Eremoneura","Phoroidea","Phoridae",NA,NA,NA,NA,NA,NA,"#DIV/0!",NA,NA,NA,NA,"Phoridae"
"470","Hexapoda: Diptera","Brachycera: Eremoneura","Syrphoidea","Pipunculidae",NA,NA,NA,NA,NA,NA,"#DIV/0!",NA,NA,NA,NA,"Pipunculidae"
"471","Hexapoda: Diptera","Brachycera: Eremoneura","Platypezoidea","Platypezidae",NA,NA,NA,NA,NA,NA,"#DIV/0!",NA,NA,NA,NA,"Platypezidae"
"472","Hexapoda: Diptera","Brachycera: Bibionomorpha","Sciaroidea","Lygistorrhinidae",NA,NA,NA,NA,NA,NA,"#DIV/0!",NA,NA,NA,NA,"Lygistorrhinidae"
"473","Hexapoda: Diptera","Brachycera: Asilomorpha","Nemestrinoidea","Acroceridae",NA,NA,NA,NA,NA,NA,"#DIV/0!",NA,NA,NA,NA,"Acroceridae"
"474","Hexapoda: Diptera","Brachycera: Asilomorpha","Asiloidea","Apioceridae",NA,NA,NA,NA,NA,NA,"#DIV/0!",NA,NA,NA,NA,"Apioceridae"
"475","Hexapoda: Diptera","Brachycera: Asilomorpha",NA,"Apystomyiidae",NA,NA,NA,NA,NA,NA,"#DIV/0!",NA,NA,NA,NA,"Apystomyiidae"
"476","Hexapoda: Diptera","Brachycera: Asilomorpha","Asiloidea","Asilidae",NA,NA,NA,NA,NA,NA,"#DIV/0!",NA,NA,NA,NA,"Asilidae"
"477","Hexapoda: Diptera","Brachycera: Asilomorpha","Asiloidea","Bombyliidae",NA,NA,NA,NA,NA,NA,"#DIV/0!",NA,NA,NA,NA,"Bombyliidae"
"478","Hexapoda: Diptera","Brachycera: Asilomorpha","Therevoidea","Evocoidae",NA,NA,NA,NA,NA,NA,"#DIV/0!",NA,NA,NA,NA,"Evocoidae"
"479","Hexapoda: Diptera","Brachycera: Asilomorpha",NA,"Hilarimorphidae",NA,NA,NA,NA,NA,NA,"#DIV/0!",NA,NA,NA,NA,"Hilarimorphidae"
"480","Hexapoda: Diptera","Brachycera: Asilomorpha","Asiloidea","Mydidae",NA,NA,NA,NA,NA,NA,"#DIV/0!",NA,NA,NA,NA,"Mydidae"
"481","Hexapoda: Diptera","Brachycera: Asilomorpha","Nemestrinoidea","Nemestrinidae",NA,NA,NA,NA,NA,NA,"#DIV/0!",NA,NA,NA,NA,"Nemestrinidae"
"482","Hexapoda: Diptera","Brachycera: Asilomorpha","Therevoidea","Scenopinidae",NA,NA,NA,NA,NA,NA,"#DIV/0!",NA,NA,NA,NA,"Scenopinidae"
"483","Hexapoda: Diptera","Brachycera: Asilomorpha","Therevoidea","Apsilocephalidae",NA,NA,NA,NA,NA,NA,"#DIV/0!",NA,NA,NA,NA,"Apsilocephalidae"
"484","Hexapoda: Diptera","Brachycera: Asilomorpha","Therevoidea","Therevidae",NA,NA,NA,NA,NA,NA,"#DIV/0!",NA,NA,NA,NA,"Therevidae"
